<?xml version="1.0" encoding="UTF-8"?>
<project-private xmlns="http://www.netbeans.org/ns/project-private/1">
    <editor-bookmarks xmlns="http://www.netbeans.org/ns/editor-bookmarks/2" lastBookmarkId="0"/>
    <open-files xmlns="http://www.netbeans.org/ns/projectui-open-files/2">
        <group>
            <file>file:/C:/Users/giao-lang/Desktop/0/StudentManagement/src/util/MyToys.java</file>
            <file>file:/C:/Users/giao-lang/Desktop/0/StudentManagement/src/data/Cabinet.java</file>
            <file>file:/C:/Users/giao-lang/Desktop/0/StudentManagement/src/data/Student.java</file>
            <file>file:/C:/Users/giao-lang/Desktop/0/StudentManagement/src/ui/Menu.java</file>
            <file>file:/C:/Users/giao-lang/Desktop/0/StudentManagement/src/main/Main.java</file>
        </group>
    </open-files>
</project-private>
